{"loss":{"0":6.5451169014},"rec_img_loss":{"0":6.5451169014},"disp_loss":{"0":21.6090660095},"rec_img_mae":{"0":0.1039480194},"disp_mae":{"0":0.6508349776},"val_loss":{"0":6.4596161842},"val_rec_img_loss":{"0":6.4596161842},"val_disp_loss":{"0":20.5183296204},"val_rec_img_mae":{"0":0.1037600338},"val_disp_mae":{"0":0.7762975693}}