{"loss":{"0":5.6428785324,"1":4.6900682449,"2":3.4984214306,"3":3.2300665379,"4":3.0992586613,"5":3.0071089268,"6":2.9289429188,"7":2.8736598492,"8":2.8516390324,"9":2.7988264561,"10":2.7687623501,"11":2.7544519901,"12":2.7187771797,"13":2.6887159348,"14":2.669000864,"15":2.6530473232,"16":2.6473526955,"17":2.6238636971,"18":2.6014015675,"19":2.5914032459,"20":2.5891375542,"21":2.5651097298,"22":2.5587062836,"23":2.5389919281,"24":2.5397624969,"25":2.5310208797,"26":2.5276374817,"27":2.5084147453,"28":2.5061554909,"29":2.4868950844,"30":2.4795298576,"31":2.4826705456,"32":2.4783205986,"33":2.4788410664,"34":2.4626178741,"35":2.4559161663,"36":2.4538998604,"37":2.4410853386,"38":2.4502756596,"39":2.431055069,"40":2.4253380299,"41":2.4234182835,"42":2.4170598984,"43":2.4071018696,"44":2.4069290161,"45":2.4052081108,"46":2.4033763409,"47":2.3938753605,"48":2.3896522522,"49":2.3882811069,"50":2.3968732357,"51":2.3845911026,"52":2.3738164902,"53":2.3728897572,"54":2.3639369011,"55":2.3655707836,"56":2.3595631123,"57":2.3589761257,"58":2.3578753471,"59":2.3514285088,"60":2.3504502773,"61":2.3456454277,"62":2.3425514698,"63":2.3406603336,"64":2.3462479115,"65":2.3447830677,"66":2.3402373791,"67":2.3419783115,"68":2.3350625038,"69":2.33466506,"70":2.3236472607,"71":2.324285984,"72":2.3258833885,"73":2.3238627911,"74":2.3197796345,"75":2.3155341148,"76":2.3099997044,"77":2.311904192,"78":2.2994875908,"79":2.3139297962,"80":2.2991802692,"81":2.3105382919,"82":2.3060624599,"83":2.3045487404,"84":2.2947385311,"85":2.2986192703,"86":2.304929018,"87":2.297055006,"88":2.3010215759,"89":2.2893116474,"90":2.2904164791,"91":2.2846758366,"92":2.2795889378,"93":2.2883861065,"94":2.2784106731,"95":2.2821166515,"96":2.2846186161,"97":2.2726249695,"98":2.2724556923,"99":2.2694218159},"rec_img_loss":{"0":5.6428785324,"1":4.6900682449,"2":3.4984214306,"3":3.2300665379,"4":3.0992586613,"5":3.0071089268,"6":2.9289429188,"7":2.8736598492,"8":2.8516390324,"9":2.7988264561,"10":2.7687623501,"11":2.7544519901,"12":2.7187771797,"13":2.6887159348,"14":2.669000864,"15":2.6530473232,"16":2.6473526955,"17":2.6238636971,"18":2.6014015675,"19":2.5914032459,"20":2.5891375542,"21":2.5651097298,"22":2.5587062836,"23":2.5389919281,"24":2.5397624969,"25":2.5310208797,"26":2.5276374817,"27":2.5084147453,"28":2.5061554909,"29":2.4868950844,"30":2.4795298576,"31":2.4826705456,"32":2.4783205986,"33":2.4788410664,"34":2.4626178741,"35":2.4559161663,"36":2.4538998604,"37":2.4410853386,"38":2.4502756596,"39":2.431055069,"40":2.4253380299,"41":2.4234182835,"42":2.4170598984,"43":2.4071018696,"44":2.4069290161,"45":2.4052081108,"46":2.4033763409,"47":2.3938753605,"48":2.3896522522,"49":2.3882811069,"50":2.3968732357,"51":2.3845911026,"52":2.3738164902,"53":2.3728897572,"54":2.3639369011,"55":2.3655707836,"56":2.3595631123,"57":2.3589761257,"58":2.3578753471,"59":2.3514285088,"60":2.3504502773,"61":2.3456454277,"62":2.3425514698,"63":2.3406603336,"64":2.3462479115,"65":2.3447830677,"66":2.3402373791,"67":2.3419783115,"68":2.3350625038,"69":2.33466506,"70":2.3236472607,"71":2.324285984,"72":2.3258833885,"73":2.3238627911,"74":2.3197796345,"75":2.3155341148,"76":2.3099997044,"77":2.311904192,"78":2.2994875908,"79":2.3139297962,"80":2.2991802692,"81":2.3105382919,"82":2.3060624599,"83":2.3045487404,"84":2.2947385311,"85":2.2986192703,"86":2.304929018,"87":2.297055006,"88":2.3010215759,"89":2.2893116474,"90":2.2904164791,"91":2.2846758366,"92":2.2795889378,"93":2.2883861065,"94":2.2784106731,"95":2.2821166515,"96":2.2846186161,"97":2.2726249695,"98":2.2724556923,"99":2.2694218159},"disp_loss":{"0":116.8542175293,"1":559.0474243164,"2":878.462890625,"3":1016.4710083008,"4":1184.2342529297,"5":1249.14453125,"6":1388.365234375,"7":1489.1783447266,"8":2003.3063964844,"9":1748.1652832031,"10":2415.7355957031,"11":1832.158203125,"12":1676.3239746094,"13":2951.19921875,"14":3747.6943359375,"15":2824.8491210938,"16":2212.0656738281,"17":1889.1262207031,"18":2295.4650878906,"19":2488.3115234375,"20":2106.8454589844,"21":4072.1384277344,"22":2668.6857910156,"23":2849.3937988281,"24":3446.4494628906,"25":3030.8669433594,"26":2483.5617675781,"27":3078.6379394531,"28":2411.1572265625,"29":3204.3168945312,"30":4009.0456542969,"31":4561.7001953125,"32":5116.66015625,"33":2905.6049804688,"34":3500.0930175781,"35":3275.6218261719,"36":4225.8559570312,"37":3532.1184082031,"38":2343.2282714844,"39":3316.458984375,"40":4525.2319335938,"41":3097.6687011719,"42":2863.3295898438,"43":4006.4462890625,"44":3433.0192871094,"45":3616.6896972656,"46":2190.4692382812,"47":2782.9943847656,"48":3062.9753417969,"49":3431.9523925781,"50":2972.0505371094,"51":3676.9816894531,"52":3678.6918945312,"53":4478.4482421875,"54":4381.5102539062,"55":3309.6086425781,"56":3512.7412109375,"57":3950.4772949219,"58":3852.4907226562,"59":3529.8742675781,"60":3886.00390625,"61":4562.0068359375,"62":5591.17578125,"63":5452.5087890625,"64":3999.4025878906,"65":3776.2521972656,"66":3307.0329589844,"67":2814.4626464844,"68":3186.451171875,"69":3016.3701171875,"70":3883.6838378906,"71":3425.3352050781,"72":3962.8459472656,"73":3492.1083984375,"74":3899.4223632812,"75":4454.248046875,"76":6491.4360351562,"77":4682.3930664062,"78":6371.94140625,"79":9650.5556640625,"80":7335.1015625,"81":4581.8618164062,"82":3281.7744140625,"83":3557.5368652344,"84":5675.9028320312,"85":7333.0302734375,"86":3671.0432128906,"87":3908.6430664062,"88":3267.6806640625,"89":4003.4438476562,"90":3553.1484375,"91":3982.1088867188,"92":4807.7807617188,"93":3827.0852050781,"94":4151.5288085938,"95":4124.814453125,"96":3519.3757324219,"97":4878.8657226562,"98":4323.4809570312,"99":4628.1015625},"rec_img_mae":{"0":0.095630765,"1":0.0863602981,"2":0.074356325,"3":0.0710456148,"4":0.0694177598,"5":0.0682617128,"6":0.0672088638,"7":0.0664458722,"8":0.0662391335,"9":0.0654385984,"10":0.0651427135,"11":0.0647306368,"12":0.0642164573,"13":0.0640960187,"14":0.0639595836,"15":0.0634935424,"16":0.0633402169,"17":0.0629667714,"18":0.0627191812,"19":0.0625681654,"20":0.062359944,"21":0.0622997731,"22":0.0620648488,"23":0.0618988052,"24":0.0618800297,"25":0.061749205,"26":0.0614798553,"27":0.0613306798,"28":0.0611926578,"29":0.0610579737,"30":0.0610469095,"31":0.0610933006,"32":0.0610984154,"33":0.0608481802,"34":0.0606301613,"35":0.0605687909,"36":0.0606090389,"37":0.0604589656,"38":0.0603634715,"39":0.0602356307,"40":0.0602647737,"41":0.0600506552,"42":0.0599774681,"43":0.0600180142,"44":0.0598849095,"45":0.0598722026,"46":0.0596912093,"47":0.0596676767,"48":0.0596504547,"49":0.0596564747,"50":0.0596153066,"51":0.0595371015,"52":0.0594020747,"53":0.0594946034,"54":0.0593344718,"55":0.059295889,"56":0.0592100434,"57":0.0591925383,"58":0.0591828413,"59":0.059067823,"60":0.0590654016,"61":0.0590643585,"62":0.0590823367,"63":0.0590579957,"64":0.0589746274,"65":0.0589049347,"66":0.0588598922,"67":0.0588286258,"68":0.0587456487,"69":0.0587275848,"70":0.0586843081,"71":0.058644142,"72":0.0586781949,"73":0.0586111546,"74":0.0585824549,"75":0.0585518777,"76":0.0586064793,"77":0.0585292727,"78":0.0585187785,"79":0.0587560423,"80":0.058533702,"81":0.0584425591,"82":0.0583600253,"83":0.0583815165,"84":0.0583615862,"85":0.0584793724,"86":0.0583109781,"87":0.0582230166,"88":0.058208093,"89":0.0581360459,"90":0.0581370294,"91":0.0581054166,"92":0.0581167229,"93":0.0581156872,"94":0.0580611415,"95":0.058062762,"96":0.0580073074,"97":0.0579944663,"98":0.0579293407,"99":0.0579303913},"disp_mae":{"0":2.9348583221,"1":6.6996350288,"2":9.9168777466,"3":10.5924596786,"4":10.9948501587,"5":11.1849155426,"6":11.4520769119,"7":11.6250391006,"8":12.2135286331,"9":12.0217075348,"10":12.6458425522,"11":12.0417919159,"12":12.1828937531,"13":13.2452297211,"14":13.6196403503,"15":13.0482969284,"16":12.6795825958,"17":12.5035982132,"18":12.7949876785,"19":12.8494558334,"20":12.6513090134,"21":14.0648641586,"22":13.0877580643,"23":13.3423938751,"24":13.6411113739,"25":13.423163414,"26":13.057012558,"27":13.3793182373,