{"loss":{"0":17.5525436401},"rec_img_loss":{"0":17.5525436401},"disp_loss":{"0":167300.015625},"rec_img_mae":{"0":0.2141706198},"disp_mae":{"0":111.1426010132},"val_loss":{"0":15.4809761047},"val_rec_img_loss":{"0":15.4809761047},"val_disp_loss":{"0":639540.875},"val_rec_img_mae":{"0":0.1999716014},"val_disp_mae":{"0":210.646194458}}