{"loss":{"0":15.5284404755},"rec_img_loss":{"0":15.5284404755},"disp_loss":{"0":246136.109375},"rec_img_mae":{"0":0.198675245},"disp_mae":{"0":131.3375549316},"val_loss":{"0":13.9019851685},"val_rec_img_loss":{"0":13.9019851685},"val_disp_loss":{"0":933489.75},"val_rec_img_mae":{"0":0.1856883168},"val_disp_mae":{"0":253.135635376}}